{
  "train_dataset": "sif_sgf_second",
  "test_dataset": "WO2017011820A2",
  "model": "rf",
  "n_train": 558,
  "n_test": 158,
  "accuracy": 0.4873417721518987,
  "precision": 0.7878787878787878,
  "recall": 0.26,
  "f1": 0.39097744360902253,
  "confusion_matrix": [
    [
      51,
      7
    ],
    [
      74,
      26
    ]
  ],
  "auc": 0.7004310344827586,
  "target": "SIF"
}