{
  "train_dataset": "sif_sgf_second",
  "test_dataset": "US9624268",
  "model": "rf",
  "n_train": 558,
  "n_test": 90,
  "accuracy": 0.5777777777777777,
  "precision": 0.8888888888888888,
  "recall": 0.3076923076923077,
  "f1": 0.45714285714285713,
  "confusion_matrix": [
    [
      36,
      2
    ],
    [
      36,
      16
    ]
  ],
  "auc": 0.7818825910931174,
  "target": "SGF"
}