{
  "train_dataset": "sif_sgf_second",
  "test_dataset": "WO2017011820A2",
  "model": "lr",
  "n_train": 558,
  "n_test": 158,
  "accuracy": 0.3670886075949367,
  "precision": 0.0,
  "recall": 0.0,
  "f1": 0.0,
  "confusion_matrix": [
    [
      58,
      0
    ],
    [
      100,
      0
    ]
  ],
  "auc": 0.6587068965517242,
  "target": "SIF"
}