{
  "train_dataset": "sif_sgf_second",
  "test_dataset": "WO2017011820A2",
  "model": "xgb",
  "n_train": 558,
  "n_test": 114,
  "accuracy": 0.3684210526315789,
  "precision": 0.0,
  "recall": 0.0,
  "f1": 0.0,
  "confusion_matrix": [
    [
      42,
      0
    ],
    [
      72,
      0
    ]
  ],
  "auc": 0.5821759259259259,
  "target": "SGF"
}