{
  "train_dataset": "sif_sgf_second",
  "test_dataset": "US9809623B2",
  "model": "rf",
  "n_train": 558,
  "n_test": 76,
  "accuracy": 0.5921052631578947,
  "precision": 0.7692307692307693,
  "recall": 0.5769230769230769,
  "f1": 0.6593406593406593,
  "confusion_matrix": [
    [
      15,
      9
    ],
    [
      22,
      30
    ]
  ],
  "auc": 0.5268429487179487,
  "target": "SIF"
}