{
  "train_dataset": "sif_sgf_second",
  "test_dataset": "WO2017011820A2",
  "model": "xgb",
  "n_train": 558,
  "n_test": 158,
  "accuracy": 0.379746835443038,
  "precision": 0.75,
  "recall": 0.03,
  "f1": 0.057692307692307696,
  "confusion_matrix": [
    [
      57,
      1
    ],
    [
      97,
      3
    ]
  ],
  "auc": 0.6257758620689655,
  "target": "SIF"
}