{
  "train_dataset": "sif_sgf_second",
  "test_dataset": "US9624268",
  "model": "rf",
  "n_train": 558,
  "n_test": 130,
  "accuracy": 0.5153846153846153,
  "precision": 0.696969696969697,
  "recall": 0.3026315789473684,
  "f1": 0.42201834862385323,
  "confusion_matrix": [
    [
      44,
      10
    ],
    [
      53,
      23
    ]
  ],
  "auc": 0.6226851851851851,
  "target": "SIF"
}