{
  "train_dataset": "US20140294902A1",
  "test_dataset": "US9624268",
  "model": "rf",
  "n_train": 5,
  "n_test": 130,
  "accuracy": 0.6076923076923076,
  "precision": 0.5984251968503937,
  "recall": 1.0,
  "f1": 0.7487684729064039,
  "confusion_matrix": [
    [
      3,
      51
    ],
    [
      0,
      76
    ]
  ],
  "auc": 0.631578947368421,
  "target": "SIF"
}