{
  "train_dataset": "US20140294902A1",
  "test_dataset": "US9809623B2",
  "model": "rf",
  "n_train": 5,
  "n_test": 76,
  "accuracy": 0.6578947368421053,
  "precision": 0.6857142857142857,
  "recall": 0.9230769230769231,
  "f1": 0.7868852459016393,
  "confusion_matrix": [
    [
      2,
      22
    ],
    [
      4,
      48
    ]
  ],
  "auc": 0.3830128205128205,
  "target": "SIF"
}