{
  "train_dataset": "US20140294902A1",
  "test_dataset": "WO2017011820A2",
  "model": "lr",
  "n_train": 5,
  "n_test": 158,
  "accuracy": 0.6329113924050633,
  "precision": 0.6329113924050633,
  "recall": 1.0,
  "f1": 0.7751937984496124,
  "confusion_matrix": [
    [
      0,
      58
    ],
    [
      0,
      100
    ]
  ],
  "auc": 0.5,
  "target": "SIF"
}