{
  "train_dataset": "US20140294902A1",
  "test_dataset": "US9809623B2",
  "model": "lr",
  "n_train": 5,
  "n_test": 76,
  "accuracy": 0.6710526315789473,
  "precision": 0.68,
  "recall": 0.9807692307692307,
  "f1": 0.8031496062992126,
  "confusion_matrix": [
    [
      0,
      24
    ],
    [
      1,
      51
    ]
  ],
  "auc": 0.42508012820512825,
  "target": "SIF"
}