{
  "train_dataset": "US9624268",
  "test_dataset": "WO2017011820A2",
  "model": "lr",
  "n_train": 130,
  "n_test": 158,
  "accuracy": 0.5443037974683544,
  "precision": 0.675,
  "recall": 0.54,
  "f1": 0.6,
  "confusion_matrix": [
    [
      32,
      26
    ],
    [
      46,
      54
    ]
  ],
  "auc": 0.5354310344827586,
  "target": "SIF"
}