{
  "train_dataset": "US9624268",
  "test_dataset": "WO2017011820A2",
  "model": "xgb",
  "n_train": 90,
  "n_test": 114,
  "accuracy": 0.5877192982456141,
  "precision": 0.711864406779661,
  "recall": 0.5833333333333334,
  "f1": 0.6412213740458015,
  "confusion_matrix": [
    [
      25,
      17
    ],
    [
      30,
      42
    ]
  ],
  "auc": 0.6541005291005291,
  "target": "SGF"
}