{
  "train_dataset": "US9624268",
  "test_dataset": "US9809623B2",
  "model": "lr",
  "n_train": 130,
  "n_test": 76,
  "accuracy": 0.39473684210526316,
  "precision": 0.8,
  "recall": 0.15384615384615385,
  "f1": 0.25806451612903225,
  "confusion_matrix": [
    [
      22,
      2
    ],
    [
      44,
      8
    ]
  ],
  "auc": 0.5360576923076924,
  "target": "SIF"
}