{
  "train_dataset": "US9624268",
  "test_dataset": "WO2017011820A2",
  "model": "xgb",
  "n_train": 130,
  "n_test": 158,
  "accuracy": 0.5569620253164557,
  "precision": 0.6666666666666666,
  "recall": 0.6,
  "f1": 0.631578947368421,
  "confusion_matrix": [
    [
      28,
      30
    ],
    [
      40,
      60
    ]
  ],
  "auc": 0.5297413793103449,
  "target": "SIF"
}