{
  "train_dataset": "US9624268",
  "test_dataset": "sif_sgf_second",
  "model": "lr",
  "n_train": 90,
  "n_test": 558,
  "accuracy": 0.44086021505376344,
  "precision": 0.11538461538461539,
  "recall": 0.010273972602739725,
  "f1": 0.018867924528301886,
  "confusion_matrix": [
    [
      243,
      23
    ],
    [
      289,
      3
    ]
  ],
  "auc": 0.3627819548872181,
  "target": "SGF"
}