{
  "train_dataset": "US9624268",
  "test_dataset": "WO2017011820A2",
  "model": "lr",
  "n_train": 90,
  "n_test": 114,
  "accuracy": 0.5526315789473685,
  "precision": 0.7333333333333333,
  "recall": 0.4583333333333333,
  "f1": 0.5641025641025641,
  "confusion_matrix": [
    [
      30,
      12
    ],
    [
      39,
      33
    ]
  ],
  "auc": 0.650462962962963,
  "target": "SGF"
}