{
  "train_dataset": "US9624268",
  "test_dataset": "WO2017011820A2",
  "model": "rf",
  "n_train": 130,
  "n_test": 158,
  "accuracy": 0.5822784810126582,
  "precision": 0.673469387755102,
  "recall": 0.66,
  "f1": 0.6666666666666666,
  "confusion_matrix": [
    [
      26,
      32
    ],
    [
      34,
      66
    ]
  ],
  "auc": 0.5466379310344829,
  "target": "SIF"
}