{
  "train_dataset": "US9624268",
  "test_dataset": "US9809623B2",
  "model": "rf",
  "n_train": 90,
  "n_test": 12,
  "accuracy": 0.6666666666666666,
  "precision": 0.8,
  "recall": 0.5714285714285714,
  "f1": 0.6666666666666666,
  "confusion_matrix": [
    [
      4,
      1
    ],
    [
      3,
      4
    ]
  ],
  "auc": 0.5142857142857143,
  "target": "SGF"
}