{
  "train_dataset": "US9624268",
  "test_dataset": "sif_sgf_second",
  "model": "rf",
  "n_train": 90,
  "n_test": 558,
  "accuracy": 0.4731182795698925,
  "precision": 0.3333333333333333,
  "recall": 0.00684931506849315,
  "f1": 0.013422818791946308,
  "confusion_matrix": [
    [
      262,
      4
    ],
    [
      290,
      2
    ]
  ],
  "auc": 0.6151573282521372,
  "target": "SGF"
}