{
  "train_dataset": "US9624268",
  "test_dataset": "US9809623B2",
  "model": "xgb",
  "n_train": 90,
  "n_test": 12,
  "accuracy": 0.5,
  "precision": 0.5454545454545454,
  "recall": 0.8571428571428571,
  "f1": 0.6666666666666666,
  "confusion_matrix": [
    [
      0,
      5
    ],
    [
      1,
      6
    ]
  ],
  "auc": 0.7571428571428571,
  "target": "SGF"
}