{
  "train_dataset": "US9624268",
  "test_dataset": "US9809623B2",
  "model": "lr",
  "n_train": 90,
  "n_test": 12,
  "accuracy": 0.4166666666666667,
  "precision": 0.0,
  "recall": 0.0,
  "f1": 0.0,
  "confusion_matrix": [
    [
      5,
      0
    ],
    [
      7,
      0
    ]
  ],
  "auc": 0.7142857142857143,
  "target": "SGF"
}