{
  "train_dataset": "US9624268",
  "test_dataset": "WO2017011820A2",
  "model": "rf",
  "n_train": 90,
  "n_test": 114,
  "accuracy": 0.6754385964912281,
  "precision": 0.7868852459016393,
  "recall": 0.6666666666666666,
  "f1": 0.7218045112781954,
  "confusion_matrix": [
    [
      29,
      13
    ],
    [
      24,
      48
    ]
  ],
  "auc": 0.7341269841269842,
  "target": "SGF"
}