{
  "train_dataset": "US9624268",
  "test_dataset": "sif_sgf_second",
  "model": "lr",
  "n_train": 130,
  "n_test": 558,
  "accuracy": 0.34946236559139787,
  "precision": 0.25,
  "recall": 0.005571030640668524,
  "f1": 0.010899182561307902,
  "confusion_matrix": [
    [
      193,
      6
    ],
    [
      357,
      2
    ]
  ],
  "auc": 0.45685950644587836,
  "target": "SIF"
}