{
  "train_dataset": "US9624268",
  "test_dataset": "sif_sgf_second",
  "model": "xgb",
  "n_train": 90,
  "n_test": 558,
  "accuracy": 0.44265232974910396,
  "precision": 0.3442622950819672,
  "recall": 0.07191780821917808,
  "f1": 0.11898016997167139,
  "confusion_matrix": [
    [
      226,
      40
    ],
    [
      271,
      21
    ]
  ],
  "auc": 0.4354400556184983,
  "target": "SGF"
}