{
  "train_dataset": "US9624268",
  "test_dataset": "US9809623B2",
  "model": "xgb",
  "n_train": 130,
  "n_test": 76,
  "accuracy": 0.7236842105263158,
  "precision": 0.7719298245614035,
  "recall": 0.8461538461538461,
  "f1": 0.8073394495412844,
  "confusion_matrix": [
    [
      11,
      13
    ],
    [
      8,
      44
    ]
  ],
  "auc": 0.6454326923076923,
  "target": "SIF"
}