{
  "train_dataset": "US9624268",
  "test_dataset": "US9809623B2",
  "model": "rf",
  "n_train": 130,
  "n_test": 76,
  "accuracy": 0.6578947368421053,
  "precision": 0.8421052631578947,
  "recall": 0.6153846153846154,
  "f1": 0.7111111111111111,
  "confusion_matrix": [
    [
      18,
      6
    ],
    [
      20,
      32
    ]
  ],
  "auc": 0.6450320512820513,
  "target": "SIF"
}