{
  "train_dataset": "US9809623B2",
  "test_dataset": "US9624268",
  "model": "xgb",
  "n_train": 76,
  "n_test": 130,
  "accuracy": 0.5307692307692308,
  "precision": 0.6530612244897959,
  "recall": 0.42105263157894735,
  "f1": 0.512,
  "confusion_matrix": [
    [
      37,
      17
    ],
    [
      44,
      32
    ]
  ],
  "auc": 0.628411306042885,
  "target": "SIF"
}