{
  "train_dataset": "US9809623B2",
  "test_dataset": "sif_sgf_second",
  "model": "lr",
  "n_train": 76,
  "n_test": 558,
  "accuracy": 0.47491039426523296,
  "precision": 0.6617647058823529,
  "recall": 0.37604456824512533,
  "f1": 0.47957371225577267,
  "confusion_matrix": [
    [
      130,
      69
    ],
    [
      224,
      135
    ]
  ],
  "auc": 0.5434344424070212,
  "target": "SIF"
}