{
  "train_dataset": "US9809623B2",
  "test_dataset": "US9624268",
  "model": "xgb",
  "n_train": 12,
  "n_test": 90,
  "accuracy": 0.5777777777777777,
  "precision": 0.5777777777777777,
  "recall": 1.0,
  "f1": 0.7323943661971831,
  "confusion_matrix": [
    [
      0,
      38
    ],
    [
      0,
      52
    ]
  ],
  "auc": 0.5,
  "target": "SGF"
}