{
  "train_dataset": "US9809623B2",
  "test_dataset": "sif_sgf_second",
  "model": "xgb",
  "n_train": 76,
  "n_test": 558,
  "accuracy": 0.3870967741935484,
  "precision": 0.5658914728682171,
  "recall": 0.20334261838440112,
  "f1": 0.29918032786885246,
  "confusion_matrix": [
    [
      143,
      56
    ],
    [
      286,
      73
    ]
  ],
  "auc": 0.42605086714911605,
  "target": "SIF"
}