{
  "train_dataset": "US9809623B2",
  "test_dataset": "WO2017011820A2",
  "model": "xgb",
  "n_train": 76,
  "n_test": 158,
  "accuracy": 0.620253164556962,
  "precision": 0.6351351351351351,
  "recall": 0.94,
  "f1": 0.7580645161290323,
  "confusion_matrix": [
    [
      4,
      54
    ],
    [
      6,
      94
    ]
  ],
  "auc": 0.45836206896551723,
  "target": "SIF"
}