{
  "train_dataset": "US9809623B2",
  "test_dataset": "sif_sgf_second",
  "model": "rf",
  "n_train": 12,
  "n_test": 558,
  "accuracy": 0.5089605734767025,
  "precision": 0.5459183673469388,
  "recall": 0.3664383561643836,
  "f1": 0.4385245901639344,
  "confusion_matrix": [
    [
      177,
      89
    ],
    [
      185,
      107
    ]
  ],
  "auc": 0.45200329591101046,
  "target": "SGF"
}