{
  "train_dataset": "US9809623B2",
  "test_dataset": "US9624268",
  "model": "rf",
  "n_train": 76,
  "n_test": 130,
  "accuracy": 0.5923076923076923,
  "precision": 0.5891472868217055,
  "recall": 1.0,
  "f1": 0.7414634146341463,
  "confusion_matrix": [
    [
      1,
      53
    ],
    [
      0,
      76
    ]
  ],
  "auc": 0.6867690058479531,
  "target": "SIF"
}