{
  "train_dataset": "US9809623B2",
  "test_dataset": "US9624268",
  "model": "rf",
  "n_train": 12,
  "n_test": 90,
  "accuracy": 0.5888888888888889,
  "precision": 0.5842696629213483,
  "recall": 1.0,
  "f1": 0.7375886524822695,
  "confusion_matrix": [
    [
      1,
      37
    ],
    [
      0,
      52
    ]
  ],
  "auc": 0.40865384615384615,
  "target": "SGF"
}