{
  "train_dataset": "US9809623B2",
  "test_dataset": "WO2017011820A2",
  "model": "lr",
  "n_train": 76,
  "n_test": 158,
  "accuracy": 0.6392405063291139,
  "precision": 0.6423841059602649,
  "recall": 0.97,
  "f1": 0.7729083665338645,
  "confusion_matrix": [
    [
      4,
      54
    ],
    [
      3,
      97
    ]
  ],
  "auc": 0.590948275862069,
  "target": "SIF"
}