{
  "train_dataset": "US9809623B2",
  "test_dataset": "US20140294902A1",
  "model": "rf",
  "n_train": 76,
  "n_test": 5,
  "accuracy": 0.2,
  "precision": 0.3333333333333333,
  "recall": 0.3333333333333333,
  "f1": 0.3333333333333333,
  "confusion_matrix": [
    [
      0,
      2
    ],
    [
      2,
      1
    ]
  ],
  "auc": 0.0,
  "target": "SIF"
}