{
  "train_dataset": "US9809623B2",
  "test_dataset": "sif_sgf_second",
  "model": "rf",
  "n_train": 76,
  "n_test": 558,
  "accuracy": 0.6093189964157706,
  "precision": 0.6577181208053692,
  "recall": 0.8189415041782729,
  "f1": 0.7295285359801489,
  "confusion_matrix": [
    [
      46,
      153
    ],
    [
      65,
      294
    ]
  ],
  "auc": 0.5271762713287887,
  "target": "SIF"
}