{
  "train_dataset": "US9809623B2",
  "test_dataset": "US9624268",
  "model": "lr",
  "n_train": 76,
  "n_test": 130,
  "accuracy": 0.6461538461538462,
  "precision": 0.6339285714285714,
  "recall": 0.9342105263157895,
  "f1": 0.7553191489361702,
  "confusion_matrix": [
    [
      13,
      41
    ],
    [
      5,
      71
    ]
  ],
  "auc": 0.6393762183235867,
  "target": "SIF"
}