{
  "train_dataset": "US9809623B2",
  "test_dataset": "WO2017011820A2",
  "model": "lr",
  "n_train": 12,
  "n_test": 114,
  "accuracy": 0.6140350877192983,
  "precision": 0.6320754716981132,
  "recall": 0.9305555555555556,
  "f1": 0.7528089887640449,
  "confusion_matrix": [
    [
      3,
      39
    ],
    [
      5,
      67
    ]
  ],
  "auc": 0.500165343915344,
  "target": "SGF"
}