{
  "train_dataset": "WO2017011820A2",
  "test_dataset": "US9624268",
  "model": "lr",
  "n_train": 114,
  "n_test": 90,
  "accuracy": 0.7,
  "precision": 0.8048780487804879,
  "recall": 0.6346153846153846,
  "f1": 0.7096774193548387,
  "confusion_matrix": [
    [
      30,
      8
    ],
    [
      19,
      33
    ]
  ],
  "auc": 0.7677125506072875,
  "target": "SGF"
}