{
  "train_dataset": "WO2017011820A2",
  "test_dataset": "US9809623B2",
  "model": "xgb",
  "n_train": 158,
  "n_test": 76,
  "accuracy": 0.3157894736842105,
  "precision": 0.0,
  "recall": 0.0,
  "f1": 0.0,
  "confusion_matrix": [
    [
      24,
      0
    ],
    [
      52,
      0
    ]
  ],
  "auc": 0.4078525641025641,
  "target": "SIF"
}