{
  "train_dataset": "WO2017011820A2",
  "test_dataset": "US9809623B2",
  "model": "rf",
  "n_train": 114,
  "n_test": 12,
  "accuracy": 0.5,
  "precision": 0.5555555555555556,
  "recall": 0.7142857142857143,
  "f1": 0.625,
  "confusion_matrix": [
    [
      1,
      4
    ],
    [
      2,
      5
    ]
  ],
  "auc": 0.44285714285714284,
  "target": "SGF"
}