{
  "train_dataset": "WO2017011820A2",
  "test_dataset": "US9624268",
  "model": "rf",
  "n_train": 158,
  "n_test": 130,
  "accuracy": 0.5384615384615384,
  "precision": 0.6025641025641025,
  "recall": 0.618421052631579,
  "f1": 0.6103896103896104,
  "confusion_matrix": [
    [
      23,
      31
    ],
    [
      29,
      47
    ]
  ],
  "auc": 0.5673732943469786,
  "target": "SIF"
}