{
  "train_dataset": "WO2017011820A2",
  "test_dataset": "sif_sgf_second",
  "model": "rf",
  "n_train": 158,
  "n_test": 558,
  "accuracy": 0.3655913978494624,
  "precision": 0.6666666666666666,
  "recall": 0.027855153203342618,
  "f1": 0.053475935828877004,
  "confusion_matrix": [
    [
      194,
      5
    ],
    [
      349,
      10
    ]
  ],
  "auc": 0.528562030206744,
  "target": "SIF"
}