{
  "train_dataset": "WO2017011820A2",
  "test_dataset": "US9624268",
  "model": "rf",
  "n_train": 114,
  "n_test": 90,
  "accuracy": 0.7222222222222222,
  "precision": 0.7755102040816326,
  "recall": 0.7307692307692307,
  "f1": 0.7524752475247525,
  "confusion_matrix": [
    [
      27,
      11
    ],
    [
      14,
      38
    ]
  ],
  "auc": 0.7026821862348178,
  "target": "SGF"
}