{
  "train_dataset": "WO2017011820A2",
  "test_dataset": "US9624268",
  "model": "xgb",
  "n_train": 114,
  "n_test": 90,
  "accuracy": 0.6666666666666666,
  "precision": 0.7115384615384616,
  "recall": 0.7115384615384616,
  "f1": 0.7115384615384616,
  "confusion_matrix": [
    [
      23,
      15
    ],
    [
      15,
      37
    ]
  ],
  "auc": 0.6923076923076924,
  "target": "SGF"
}