{
  "train_dataset": "WO2017011820A2",
  "test_dataset": "sif_sgf_second",
  "model": "xgb",
  "n_train": 114,
  "n_test": 558,
  "accuracy": 0.5913978494623656,
  "precision": 0.5669456066945606,
  "recall": 0.928082191780822,
  "f1": 0.7038961038961039,
  "confusion_matrix": [
    [
      59,
      207
    ],
    [
      21,
      271
    ]
  ],
  "auc": 0.6319973735709136,
  "target": "SGF"
}