{
  "train_dataset": "WO2017011820A2",
  "test_dataset": "US9809623B2",
  "model": "lr",
  "n_train": 114,
  "n_test": 12,
  "accuracy": 0.5833333333333334,
  "precision": 0.5833333333333334,
  "recall": 1.0,
  "f1": 0.7368421052631579,
  "confusion_matrix": [
    [
      0,
      5
    ],
    [
      0,
      7
    ]
  ],
  "auc": 0.657142857142857,
  "target": "SGF"
}