{
  "train_dataset": "WO2017011820A2",
  "test_dataset": "US9624268",
  "model": "lr",
  "n_train": 158,
  "n_test": 130,
  "accuracy": 0.5461538461538461,
  "precision": 0.6049382716049383,
  "recall": 0.6447368421052632,
  "f1": 0.6242038216560509,
  "confusion_matrix": [
    [
      22,
      32
    ],
    [
      27,
      49
    ]
  ],
  "auc": 0.537524366471735,
  "target": "SIF"
}