{
  "train_dataset": "WO2017011820A2",
  "test_dataset": "US9809623B2",
  "model": "xgb",
  "n_train": 114,
  "n_test": 12,
  "accuracy": 0.4166666666666667,
  "precision": 0.5,
  "recall": 0.7142857142857143,
  "f1": 0.5882352941176471,
  "confusion_matrix": [
    [
      0,
      5
    ],
    [
      2,
      5
    ]
  ],
  "auc": 0.6428571428571428,
  "target": "SGF"
}