{
  "train_dataset": "WO2017011820A2",
  "test_dataset": "US9624268",
  "model": "xgb",
  "n_train": 158,
  "n_test": 130,
  "accuracy": 0.5307692307692308,
  "precision": 0.5949367088607594,
  "recall": 0.618421052631579,
  "f1": 0.6064516129032258,
  "confusion_matrix": [
    [
      22,
      32
    ],
    [
      29,
      47
    ]
  ],
  "auc": 0.5504385964912281,
  "target": "SIF"
}