{
  "train_dataset": "WO2017011820A2",
  "test_dataset": "sif_sgf_second",
  "model": "lr",
  "n_train": 158,
  "n_test": 558,
  "accuracy": 0.3548387096774194,
  "precision": 0.3333333333333333,
  "recall": 0.002785515320334262,
  "f1": 0.0055248618784530384,
  "confusion_matrix": [
    [
      197,
      2
    ],
    [
      358,
      1
    ]
  ],
  "auc": 0.3076454696882742,
  "target": "SIF"
}