{
  "train_dataset": "WO2017011820A2",
  "test_dataset": "sif_sgf_second",
  "model": "xgb",
  "n_train": 158,
  "n_test": 558,
  "accuracy": 0.37455197132616486,
  "precision": 0.7777777777777778,
  "recall": 0.03899721448467967,
  "f1": 0.07427055702917772,
  "confusion_matrix": [
    [
      195,
      4
    ],
    [
      345,
      14
    ]
  ],
  "auc": 0.5263434162455732,
  "target": "SIF"
}