{
  "train_dataset": "WO2017011820A2",
  "test_dataset": "US9809623B2",
  "model": "lr",
  "n_train": 158,
  "n_test": 76,
  "accuracy": 0.2894736842105263,
  "precision": 0.0,
  "recall": 0.0,
  "f1": 0.0,
  "confusion_matrix": [
    [
      22,
      2
    ],
    [
      52,
      0
    ]
  ],
  "auc": 0.5224358974358974,
  "target": "SIF"
}