{
  "model": "lr",
  "n_folds": 5,
  "accuracy": [
    0.8214285714285714,
    0.8303571428571429,
    0.8482142857142857,
    0.8288288288288288,
    0.7657657657657657
  ],
  "precision": [
    0.8939393939393939,
    0.8840579710144928,
    0.8873239436619719,
    0.8823529411764706,
    0.8194444444444444
  ],
  "recall": [
    0.8194444444444444,
    0.8472222222222222,
    0.875,
    0.8450704225352113,
    0.8194444444444444
  ],
  "f1": [
    0.855072463768116,
    0.8652482269503546,
    0.8811188811188811,
    0.8633093525179856,
    0.8194444444444444
  ],
  "auc": [
    0.9121527777777778,
    0.9086805555555556,
    0.9024305555555556,
    0.9281690140845071,
    0.8276353276353277
  ],
  "mean_accuracy": 0.818918918918919,
  "std_accuracy": 0.02799576340377356,
  "mean_precision": 0.8734237388473547,
  "std_precision": 0.027278891363098922,
  "mean_recall": 0.8412363067292645,
  "std_recall": 0.020689558406421723,
  "mean_f1": 0.8568386737599564,
  "std_f1": 0.020511297480561796,
  "mean_auc": 0.8958136461217447,
  "std_auc": 0.0351324949861162,
  "dataset": "sif_sgf_second",
  "target": "SIF"
}