{
  "model": "lr",
  "n_folds": 5,
  "accuracy": [
    0.8392857142857143,
    0.7946428571428571,
    0.8035714285714286,
    0.8378378378378378,
    0.8378378378378378
  ],
  "precision": [
    0.8703703703703703,
    0.78125,
    0.8775510204081632,
    0.8571428571428571,
    0.8225806451612904
  ],
  "recall": [
    0.8103448275862069,
    0.847457627118644,
    0.7288135593220338,
    0.8275862068965517,
    0.8793103448275862
  ],
  "f1": [
    0.8392857142857143,
    0.8130081300813008,
    0.7962962962962963,
    0.8421052631578947,
    0.85
  ],
  "auc": [
    0.9543422733077906,
    0.8983050847457628,
    0.8877518388231531,
    0.8975276512687053,
    0.9134677944046844
  ],
  "mean_accuracy": 0.8226351351351351,
  "std_accuracy": 0.019424101833172676,
  "mean_precision": 0.8417789786165362,
  "std_precision": 0.03568049517468775,
  "mean_recall": 0.8187025131502045,
  "std_recall": 0.05045584363155633,
  "mean_f1": 0.8281390807642411,
  "std_f1": 0.020199554799988844,
  "mean_auc": 0.9102789285100192,
  "std_auc": 0.02351673870245291,
  "dataset": "sif_sgf_second",
  "target": "SGF"
}