{
  "model": "rf",
  "n_folds": 5,
  "accuracy": [
    0.8571428571428571,
    0.875,
    0.8125,
    0.8378378378378378,
    0.8108108108108109
  ],
  "precision": [
    0.868421052631579,
    0.8918918918918919,
    0.84,
    0.8533333333333334,
    0.8072289156626506
  ],
  "recall": [
    0.9166666666666666,
    0.9166666666666666,
    0.875,
    0.9014084507042254,
    0.9305555555555556
  ],
  "f1": [
    0.8918918918918919,
    0.9041095890410958,
    0.8571428571428571,
    0.8767123287671232,
    0.864516129032258
  ],
  "auc": [
    0.8977430555555556,
    0.9147569444444444,
    0.8753472222222222,
    0.9339788732394366,
    0.8721509971509972
  ],
  "mean_accuracy": 0.8386583011583012,
  "std_accuracy": 0.024991240396783382,
  "mean_precision": 0.852175038703891,
  "std_precision": 0.02832344818705521,
  "mean_recall": 0.9080594679186229,
  "std_recall": 0.018928318195729255,
  "mean_f1": 0.8788745591750452,
  "std_f1": 0.017258993673558168,
  "mean_auc": 0.8987954185225311,
  "std_auc": 0.023466982606838865,
  "dataset": "sif_sgf_second",
  "target": "SIF"
}