{
  "model": "xgb",
  "n_folds": 5,
  "accuracy": [
    0.8214285714285714,
    0.8482142857142857,
    0.7767857142857143,
    0.7927927927927928,
    0.8468468468468469
  ],
  "precision": [
    0.796875,
    0.8620689655172413,
    0.84,
    0.7966101694915254,
    0.8253968253968254
  ],
  "recall": [
    0.8793103448275862,
    0.847457627118644,
    0.711864406779661,
    0.8103448275862069,
    0.896551724137931
  ],
  "f1": [
    0.8360655737704918,
    0.8547008547008547,
    0.7706422018348624,
    0.8034188034188035,
    0.859504132231405
  ],
  "auc": [
    0.9396551724137931,
    0.8992644707387273,
    0.8880716341541415,
    0.8962264150943395,
    0.9137931034482759
  ],
  "mean_accuracy": 0.8172136422136422,
  "std_accuracy": 0.028592752877453997,
  "mean_precision": 0.8241901920811184,
  "std_precision": 0.02527047618026415,
  "mean_recall": 0.8291057860900057,
  "std_recall": 0.06558011426173875,
  "mean_f1": 0.8248663131912833,
  "std_f1": 0.033512838555687034,
  "mean_auc": 0.9074021591698556,
  "std_auc": 0.018143260225825932,
  "dataset": "sif_sgf_second",
  "target": "SGF"
}