{
  "model": "xgb",
  "n_folds": 5,
  "accuracy": [
    0.8303571428571429,
    0.7410714285714286,
    0.8125,
    0.8558558558558559,
    0.8198198198198198
  ],
  "precision": [
    0.863013698630137,
    0.7866666666666666,
    0.84,
    0.8873239436619719,
    0.825
  ],
  "recall": [
    0.875,
    0.8194444444444444,
    0.875,
    0.8873239436619719,
    0.9166666666666666
  ],
  "f1": [
    0.8689655172413793,
    0.8027210884353742,
    0.8571428571428571,
    0.8873239436619719,
    0.868421052631579
  ],
  "auc": [
    0.9034722222222221,
    0.8236111111111111,
    0.8663194444444444,
    0.9140845070422535,
    0.8760683760683761
  ],
  "mean_accuracy": 0.8119208494208495,
  "std_accuracy": 0.03834723272823911,
  "mean_precision": 0.8404008617917551,
  "std_precision": 0.03416965601794745,
  "mean_recall": 0.8746870109546168,
  "std_recall": 0.03154019860707392,
  "mean_f1": 0.8569148918226324,
  "std_f1": 0.02877269551875858,
  "mean_auc": 0.8767111321776813,
  "std_auc": 0.03175196887051642,
  "dataset": "sif_sgf_second",
  "target": "SIF"
}