{
  "model": "rf",
  "n_folds": 5,
  "accuracy": [
    0.8214285714285714,
    0.8482142857142857,
    0.8214285714285714,
    0.8558558558558559,
    0.8468468468468469
  ],
  "precision": [
    0.8166666666666667,
    0.8620689655172413,
    0.8679245283018868,
    0.8888888888888888,
    0.8253968253968254
  ],
  "recall": [
    0.8448275862068966,
    0.847457627118644,
    0.7796610169491526,
    0.8275862068965517,
    0.896551724137931
  ],
  "f1": [
    0.8305084745762712,
    0.8547008547008547,
    0.8214285714285714,
    0.8571428571428571,
    0.859504132231405
  ],
  "auc": [
    0.9428480204342273,
    0.8975055964182923,
    0.8943076431084106,
    0.8919973975276513,
    0.9040338321405336
  ],
  "mean_accuracy": 0.8387548262548263,
  "std_accuracy": 0.014476226003698432,
  "mean_precision": 0.8521891749543018,
  "std_precision": 0.027098926913354124,
  "mean_recall": 0.8392168322618352,
  "std_recall": 0.03760012678195,
  "mean_f1": 0.8446569780159919,
  "std_f1": 0.015600984884948675,
  "mean_auc": 0.906138497925823,
  "std_auc": 0.018796199059828027,
  "dataset": "sif_sgf_second",
  "target": "SGF"
}