{
  "model": "xgb",
  "n_folds": 2,
  "accuracy": [
    0.3333333333333333,
    0.5
  ],
  "precision": [
    0.0,
    0.5
  ],
  "recall": [
    0.0,
    1.0
  ],
  "f1": [
    0.0,
    0.6666666666666666
  ],
  "auc": [
    0.5,
    0.5
  ],
  "mean_accuracy": 0.41666666666666663,
  "std_accuracy": 0.08333333333333334,
  "mean_precision": 0.25,
  "std_precision": 0.25,
  "mean_recall": 0.5,
  "std_recall": 0.5,
  "mean_f1": 0.3333333333333333,
  "std_f1": 0.3333333333333333,
  "mean_auc": 0.5,
  "std_auc": 0.0,
  "dataset": "US20140294902A1",
  "target": "SIF"
}