{
  "model": "xgb",
  "n_folds": 5,
  "accuracy": [
    0.6666666666666666,
    0.6666666666666666,
    0.7777777777777778,
    0.5555555555555556,
    0.5
  ],
  "precision": [
    0.7272727272727273,
    0.6923076923076923,
    0.875,
    0.5833333333333334,
    0.5384615384615384
  ],
  "recall": [
    0.7272727272727273,
    0.8181818181818182,
    0.7,
    0.7,
    0.7
  ],
  "f1": [
    0.7272727272727273,
    0.75,
    0.7777777777777778,
    0.6363636363636364,
    0.6086956521739131
  ],
  "auc": [
    0.7012987012987013,
    0.7012987012987013,
    0.8875,
    0.575,
    0.5625
  ],
  "mean_accuracy": 0.6333333333333334,
  "std_accuracy": 0.09686442096757052,
  "mean_precision": 0.6832750582750583,
  "std_precision": 0.1180975364174345,
  "mean_recall": 0.7290909090909091,
  "std_recall": 0.0457806484073243,
  "mean_f1": 0.7000219587176109,
  "std_f1": 0.06584717559139817,
  "mean_auc": 0.6855194805194806,
  "std_auc": 0.11716863575889068,
  "dataset": "US9624268",
  "target": "SGF"
}