{
  "model": "lr",
  "n_folds": 5,
  "accuracy": [
    0.7222222222222222,
    0.7777777777777778,
    0.8888888888888888,
    0.6666666666666666,
    0.5
  ],
  "precision": [
    0.8,
    0.8181818181818182,
    0.9,
    0.6666666666666666,
    0.5384615384615384
  ],
  "recall": [
    0.7272727272727273,
    0.8181818181818182,
    0.9,
    0.8,
    0.7
  ],
  "f1": [
    0.7619047619047619,
    0.8181818181818182,
    0.9,
    0.7272727272727273,
    0.6086956521739131
  ],
  "auc": [
    0.7922077922077921,
    0.8701298701298701,
    0.9375,
    0.7,
    0.6875
  ],
  "mean_accuracy": 0.711111111111111,
  "std_accuracy": 0.1286204100310025,
  "mean_precision": 0.7446620046620046,
  "std_precision": 0.12743567358784577,
  "mean_recall": 0.7890909090909091,
  "std_recall": 0.07074573257579536,
  "mean_f1": 0.7632109919066441,
  "std_f1": 0.09685172150351909,
  "mean_auc": 0.7974675324675324,
  "std_auc": 0.09644620285702739,
  "dataset": "US9624268",
  "target": "SGF"
}