{
  "model": "rf",
  "n_folds": 5,
  "accuracy": [
    0.6923076923076923,
    0.5769230769230769,
    0.5769230769230769,
    0.8076923076923077,
    0.5769230769230769
  ],
  "precision": [
    0.7333333333333333,
    0.6666666666666666,
    0.6428571428571429,
    0.8125,
    0.6470588235294118
  ],
  "recall": [
    0.7333333333333333,
    0.5333333333333333,
    0.6,
    0.8666666666666667,
    0.6875
  ],
  "f1": [
    0.7333333333333333,
    0.5925925925925926,
    0.6206896551724138,
    0.8387096774193549,
    0.6666666666666666
  ],
  "auc": [
    0.7575757575757576,
    0.6060606060606061,
    0.7363636363636364,
    0.8909090909090909,
    0.75625
  ],
  "mean_accuracy": 0.6461538461538462,
  "std_accuracy": 0.09230769230769234,
  "mean_precision": 0.7004831932773109,
  "std_precision": 0.0647230702795301,
  "mean_recall": 0.6841666666666667,
  "std_recall": 0.11451588924201257,
  "mean_f1": 0.6903983850368722,
  "std_f1": 0.08812278223609868,
  "mean_auc": 0.7494318181818183,
  "std_auc": 0.09039326511598494,
  "dataset": "US9624268",
  "target": "SIF"
}