{
  "model": "xgb",
  "n_folds": 5,
  "accuracy": [
    0.5769230769230769,
    0.5769230769230769,
    0.6923076923076923,
    0.6923076923076923,
    0.6538461538461539
  ],
  "precision": [
    0.6111111111111112,
    0.6666666666666666,
    0.7692307692307693,
    0.7058823529411765,
    0.7058823529411765
  ],
  "recall": [
    0.7333333333333333,
    0.5333333333333333,
    0.6666666666666666,
    0.8,
    0.75
  ],
  "f1": [
    0.6666666666666666,
    0.5925925925925926,
    0.7142857142857143,
    0.75,
    0.7272727272727273
  ],
  "auc": [
    0.7212121212121212,
    0.6303030303030304,
    0.6848484848484848,
    0.7818181818181819,
    0.71875
  ],
  "mean_accuracy": 0.6384615384615384,
  "std_accuracy": 0.05217176910096362,
  "mean_precision": 0.69175465057818,
  "std_precision": 0.052027916168353255,
  "mean_recall": 0.6966666666666667,
  "std_recall": 0.09213516640723504,
  "mean_f1": 0.6901635401635401,
  "std_f1": 0.055877662535338934,
  "mean_auc": 0.7073863636363635,
  "std_auc": 0.04961889885887172,
  "dataset": "US9624268",
  "target": "SIF"
}