{
  "model": "lr",
  "n_folds": 5,
  "accuracy": [
    0.6923076923076923,
    0.6538461538461539,
    0.7307692307692307,
    0.6538461538461539,
    0.7307692307692307
  ],
  "precision": [
    0.7333333333333333,
    0.7142857142857143,
    0.7857142857142857,
    0.6875,
    0.7647058823529411
  ],
  "recall": [
    0.7333333333333333,
    0.6666666666666666,
    0.7333333333333333,
    0.7333333333333333,
    0.8125
  ],
  "f1": [
    0.7333333333333333,
    0.6896551724137931,
    0.7586206896551724,
    0.7096774193548387,
    0.7878787878787878
  ],
  "auc": [
    0.7151515151515151,
    0.5575757575757575,
    0.7636363636363637,
    0.6787878787878788,
    0.75
  ],
  "mean_accuracy": 0.6923076923076923,
  "std_accuracy": 0.03440104580768905,
  "mean_precision": 0.7371078431372549,
  "std_precision": 0.034986490589516,
  "mean_recall": 0.7358333333333333,
  "std_recall": 0.04621808207954017,
  "mean_f1": 0.7358330805271851,
  "std_f1": 0.03478734634496639,
  "mean_auc": 0.693030303030303,
  "std_auc": 0.07385240784894721,
  "dataset": "US9624268",
  "target": "SIF"
}