{
  "model": "rf",
  "n_folds": 5,
  "accuracy": [
    0.6875,
    0.6666666666666666,
    0.7333333333333333,
    0.6666666666666666,
    0.7333333333333333
  ],
  "precision": [
    0.7142857142857143,
    0.7142857142857143,
    0.75,
    0.7777777777777778,
    0.8
  ],
  "recall": [
    0.9090909090909091,
    0.9090909090909091,
    0.9,
    0.7,
    0.8
  ],
  "f1": [
    0.8,
    0.8,
    0.8181818181818182,
    0.7368421052631579,
    0.8
  ],
  "auc": [
    0.8636363636363636,
    0.7613636363636364,
    0.72,
    0.7,
    0.89
  ],
  "mean_accuracy": 0.6975,
  "std_accuracy": 0.030230595245361747,
  "mean_precision": 0.7512698412698413,
  "std_precision": 0.034101503961502674,
  "mean_recall": 0.8436363636363635,
  "std_recall": 0.08280216390353237,
  "mean_f1": 0.7910047846889953,
  "std_f1": 0.02798188230812951,
  "mean_auc": 0.787,
  "std_auc": 0.07641643196577663,
  "dataset": "US9809623B2",
  "target": "SIF"
}