{
  "model": "rf",
  "n_folds": 5,
  "accuracy": [
    0.6666666666666666,
    1.0,
    0.5,
    1.0,
    1.0
  ],
  "precision": [
    1.0,
    1.0,
    0.0,
    1.0,
    1.0
  ],
  "recall": [
    0.5,
    1.0,
    0.0,
    1.0,
    1.0
  ],
  "f1": [
    0.6666666666666666,
    1.0,
    0.0,
    1.0,
    1.0
  ],
  "auc": [
    1.0,
    1.0,
    1.0,
    1.0,
    1.0
  ],
  "mean_accuracy": 0.8333333333333333,
  "std_accuracy": 0.21081851067789195,
  "mean_precision": 0.8,
  "std_precision": 0.4,
  "mean_recall": 0.7,
  "std_recall": 0.4,
  "mean_f1": 0.7333333333333333,
  "std_f1": 0.38873012632302,
  "mean_auc": 1.0,
  "std_auc": 0.0,
  "dataset": "US9809623B2",
  "target": "SGF"
}