{
  "model": "lr",
  "n_folds": 5,
  "accuracy": [
    0.6875,
    0.6666666666666666,
    0.6,
    0.7333333333333333,
    0.6666666666666666
  ],
  "precision": [
    0.8,
    0.8,
    0.7,
    0.8,
    0.7777777777777778
  ],
  "recall": [
    0.7272727272727273,
    0.7272727272727273,
    0.7,
    0.8,
    0.7
  ],
  "f1": [
    0.7619047619047619,
    0.7619047619047619,
    0.7,
    0.8,
    0.7368421052631579
  ],
  "auc": [
    0.8,
    0.6136363636363636,
    0.64,
    0.84,
    0.7
  ],
  "mean_accuracy": 0.6708333333333333,
  "std_accuracy": 0.04297932319409208,
  "mean_precision": 0.7755555555555554,
  "std_precision": 0.03874576838702824,
  "mean_recall": 0.7309090909090908,
  "std_recall": 0.03663534850838164,
  "mean_f1": 0.7521303258145363,
  "std_f1": 0.03296630238757015,
  "mean_auc": 0.7187272727272728,
  "std_auc": 0.08821011729608134,
  "dataset": "US9809623B2",
  "target": "SIF"
}