{
  "model": "xgb",
  "n_folds": 5,
  "accuracy": [
    0.6666666666666666,
    0.6666666666666666,
    1.0,
    1.0,
    1.0
  ],
  "precision": [
    0.6666666666666666,
    0.6666666666666666,
    1.0,
    1.0,
    1.0
  ],
  "recall": [
    1.0,
    1.0,
    1.0,
    1.0,
    1.0
  ],
  "f1": [
    0.8,
    0.8,
    1.0,
    1.0,
    1.0
  ],
  "auc": [
    0.5,
    0.5,
    1.0,
    1.0,
    1.0
  ],
  "mean_accuracy": 0.8666666666666666,
  "std_accuracy": 0.16329931618554522,
  "mean_precision": 0.8666666666666666,
  "std_precision": 0.16329931618554522,
  "mean_recall": 1.0,
  "std_recall": 0.0,
  "mean_f1": 0.9199999999999999,
  "std_f1": 0.09797958971132709,
  "mean_auc": 0.8,
  "std_auc": 0.2449489742783178,
  "dataset": "US9809623B2",
  "target": "SGF"
}