{
  "model": "xgb",
  "n_folds": 5,
  "accuracy": [
    0.6875,
    0.6666666666666666,
    0.7333333333333333,
    0.6666666666666666,
    0.8
  ],
  "precision": [
    0.7142857142857143,
    0.75,
    0.75,
    0.7777777777777778,
    0.8888888888888888
  ],
  "recall": [
    0.9090909090909091,
    0.8181818181818182,
    0.9,
    0.7,
    0.8
  ],
  "f1": [
    0.8,
    0.782608695652174,
    0.8181818181818182,
    0.7368421052631579,
    0.8421052631578947
  ],
  "auc": [
    0.5636363636363637,
    0.6363636363636364,
    0.74,
    0.6599999999999998,
    0.86
  ],
  "mean_accuracy": 0.7108333333333332,
  "std_accuracy": 0.05079916884709393,
  "mean_precision": 0.7761904761904762,
  "std_precision": 0.059845690544472536,
  "mean_recall": 0.8254545454545454,
  "std_recall": 0.07614687851407972,
  "mean_f1": 0.795947576451009,
  "std_f1": 0.035532233674225776,
  "mean_auc": 0.692,
  "std_auc": 0.10111837429386762,
  "dataset": "US9809623B2",
  "target": "SIF"
}