{
  "model": "xgb",
  "n_folds": 5,
  "accuracy": [
    0.9565217391304348,
    0.8695652173913043,
    0.8260869565217391,
    0.782608695652174,
    0.8181818181818182
  ],
  "precision": [
    0.9333333333333333,
    0.8666666666666667,
    0.8235294117647058,
    0.9166666666666666,
    0.7777777777777778
  ],
  "recall": [
    1.0,
    0.9285714285714286,
    0.9333333333333333,
    0.7333333333333333,
    1.0
  ],
  "f1": [
    0.9655172413793104,
    0.896551724137931,
    0.875,
    0.8148148148148148,
    0.875
  ],
  "auc": [
    0.9841269841269841,
    0.9365079365079365,
    0.9083333333333333,
    0.85,
    0.8928571428571428
  ],
  "mean_accuracy": 0.8505928853754942,
  "std_accuracy": 0.05975573498486721,
  "mean_precision": 0.86359477124183,
  "std_precision": 0.05772229909717172,
  "mean_recall": 0.919047619047619,
  "std_recall": 0.09786843869459148,
  "mean_f1": 0.8853767560664114,
  "std_f1": 0.048459713131020175,
  "mean_auc": 0.9143650793650793,
  "std_auc": 0.04471882425366733,
  "dataset": "WO2017011820A2",
  "target": "SGF"
}