{
  "model": "xgb",
  "n_folds": 5,
  "accuracy": [
    0.84375,
    0.6875,
    0.78125,
    0.7741935483870968,
    0.8709677419354839
  ],
  "precision": [
    0.9411764705882353,
    0.7272727272727273,
    0.8095238095238095,
    0.8095238095238095,
    0.9444444444444444
  ],
  "recall": [
    0.8,
    0.8,
    0.85,
    0.85,
    0.85
  ],
  "f1": [
    0.8648648648648649,
    0.7619047619047619,
    0.8292682926829268,
    0.8292682926829268,
    0.8947368421052632
  ],
  "auc": [
    0.8541666666666666,
    0.7333333333333334,
    0.8291666666666666,
    0.7818181818181817,
    0.9454545454545454
  ],
  "mean_accuracy": 0.7915322580645162,
  "std_accuracy": 0.06366436220184853,
  "mean_precision": 0.8463882522706052,
  "std_precision": 0.08426898092305046,
  "mean_recall": 0.8300000000000001,
  "std_recall": 0.024494897427831747,
  "mean_f1": 0.8360086108481486,
  "std_f1": 0.04441606184394898,
  "mean_auc": 0.8287878787878787,
  "std_auc": 0.07151651578051572,
  "dataset": "WO2017011820A2",
  "target": "SIF"
}