{
  "model": "rf",
  "n_folds": 5,
  "accuracy": [
    0.90625,
    0.6875,
    0.78125,
    0.7741935483870968,
    0.8709677419354839
  ],
  "precision": [
    0.9473684210526315,
    0.7272727272727273,
    0.782608695652174,
    0.8095238095238095,
    0.9444444444444444
  ],
  "recall": [
    0.9,
    0.8,
    0.9,
    0.85,
    0.85
  ],
  "f1": [
    0.9230769230769231,
    0.7619047619047619,
    0.8372093023255814,
    0.8292682926829268,
    0.8947368421052632
  ],
  "auc": [
    0.8687500000000001,
    0.7270833333333333,
    0.83125,
    0.7363636363636363,
    0.9659090909090908
  ],
  "mean_accuracy": 0.8040322580645162,
  "std_accuracy": 0.07735369779755365,
  "mean_precision": 0.8422436195891574,
  "std_precision": 0.08870338064307844,
  "mean_recall": 0.86,
  "std_recall": 0.03741657386773941,
  "mean_f1": 0.8492392244190912,
  "std_f1": 0.056023038905177416,
  "mean_auc": 0.8258712121212121,
  "std_auc": 0.08859884922256554,
  "dataset": "WO2017011820A2",
  "target": "SIF"
}