{
  "model": "rf",
  "n_folds": 5,
  "accuracy": [
    0.9130434782608695,
    0.9565217391304348,
    0.8260869565217391,
    0.8260869565217391,
    0.7727272727272727
  ],
  "precision": [
    0.9285714285714286,
    0.9333333333333333,
    0.8235294117647058,
    0.8666666666666667,
    0.8
  ],
  "recall": [
    0.9285714285714286,
    1.0,
    0.9333333333333333,
    0.8666666666666667,
    0.8571428571428571
  ],
  "f1": [
    0.9285714285714286,
    0.9655172413793104,
    0.875,
    0.8666666666666667,
    0.8275862068965517
  ],
  "auc": [
    0.9444444444444444,
    0.9682539682539681,
    0.9,
    0.9,
    0.875
  ],
  "mean_accuracy": 0.8588932806324111,
  "std_accuracy": 0.06639375050939467,
  "mean_precision": 0.870420168067227,
  "std_precision": 0.05387293816385153,
  "mean_recall": 0.917142857142857,
  "std_recall": 0.05178010369168834,
  "mean_f1": 0.8926683087027915,
  "std_f1": 0.04862085047573597,
  "mean_auc": 0.9175396825396824,
  "std_auc": 0.033825169641628634,
  "dataset": "WO2017011820A2",
  "target": "SGF"
}