{
  "model": "lr",
  "n_folds": 5,
  "accuracy": [
    0.9130434782608695,
    0.8260869565217391,
    0.782608695652174,
    0.782608695652174,
    0.7727272727272727
  ],
  "precision": [
    1.0,
    0.9166666666666666,
    0.8125,
    0.9166666666666666,
    0.8
  ],
  "recall": [
    0.8571428571428571,
    0.7857142857142857,
    0.8666666666666667,
    0.7333333333333333,
    0.8571428571428571
  ],
  "f1": [
    0.9230769230769231,
    0.8461538461538461,
    0.8387096774193549,
    0.8148148148148148,
    0.8275862068965517
  ],
  "auc": [
    0.9206349206349207,
    0.9285714285714286,
    0.825,
    0.9083333333333333,
    0.8482142857142857
  ],
  "mean_accuracy": 0.8154150197628459,
  "std_accuracy": 0.05219187617468476,
  "mean_precision": 0.8891666666666665,
  "std_precision": 0.07433034373659252,
  "mean_recall": 0.82,
  "std_recall": 0.05219881754683705,
  "mean_f1": 0.8500682936722981,
  "std_f1": 0.03800750722540334,
  "mean_auc": 0.8861507936507935,
  "std_auc": 0.04161569066165626,
  "dataset": "WO2017011820A2",
  "target": "SGF"
}