{
  "model": "lr",
  "n_folds": 5,
  "accuracy": [
    0.6875,
    0.65625,
    0.75,
    0.7096774193548387,
    0.9032258064516129
  ],
  "precision": [
    0.8125,
    0.6956521739130435,
    0.8,
    0.8235294117647058,
    0.9473684210526315
  ],
  "recall": [
    0.65,
    0.8,
    0.8,
    0.7,
    0.9
  ],
  "f1": [
    0.7222222222222222,
    0.7441860465116279,
    0.8,
    0.7567567567567568,
    0.9230769230769231
  ],
  "auc": [
    0.7208333333333333,
    0.7458333333333333,
    0.775,
    0.7409090909090909,
    0.9227272727272726
  ],
  "mean_accuracy": 0.7413306451612904,
  "std_accuracy": 0.08651425571087734,
  "mean_precision": 0.8158100013460763,
  "std_precision": 0.08008248602259778,
  "mean_recall": 0.77,
  "std_recall": 0.08717797887081348,
  "mean_f1": 0.7892483897135062,
  "std_f1": 0.07156046615494548,
  "mean_auc": 0.781060606060606,
  "std_auc": 0.07291996253865682,
  "dataset": "WO2017011820A2",
  "target": "SIF"
}